"","codenumber","total_cs","age_group","l1","l2","l3","l1_overall","l2_overall","l3_overall","person_1","person_1_l1","person_1_l2","person_1_l3","person_1_nat1","person_1_nat2","person_1_nat3","person_1_fluency1","person_1_fluency2","person_1_fluency3","person_2","person_2_l1","person_2_l2","person_2_l3","person_2_nat1","person_2_nat2","person_2_nat3","person_2_fluency1","person_2_fluency2","person_2_fluency3","par1_nat_chi_l1","par2_nat_chi_l1","parent_nat_chi_l1","par1_nat_chi_l2","par2_nat_chi_l2","parent_nat_chi_l2","par1_nat_chi_l3","par2_nat_chi_l3","parent_nat_chi_l3","par1_flu_chi_l1","par2_flu_chi_l1","parent_flu_chi_l1","par1_flu_chi_l2","par2_flu_chi_l2","parent_flu_chi_l2","par1_flu_chi_l3","par2_flu_chi_l3","parent_flu_chi_l3"
"1",7429,0,36,"ENGLISH","NO L2","NO L3",1,0,0,"MOTHER","ENGLISH",NA,NA,1,NA,NA,4,NA,NA,"FATHER","ENGLISH",NA,NA,1,NA,NA,4,NA,NA,1,1,1,0,0,999,0,0,999,4,4,8,NA,NA,999,NA,NA,999
"2",7630,0,36,"ENGLISH","SPANISH","NO L3",0.945,0.055,0,"MOTHER","ENGLISH","GERMAN",NA,1,0,NA,4,NA,NA,"FATHER","ENGLISH","GERMAN",NA,1,0,NA,4,NA,NA,1,1,1,0,0,0,0,0,999,4,4,8,NA,NA,NA,NA,NA,999
"3",7643,0,36,"ENGLISH","NO L2","NO L3",1,0,0,"MOTHER","ENGLISH",NA,NA,1,NA,NA,4,NA,NA,"FATHER","ENGLISH",NA,NA,1,NA,NA,4,NA,NA,1,1,1,0,0,999,0,0,999,4,4,8,NA,NA,999,NA,NA,999
"4",7644,0,36,"ENGLISH","NO L2","NO L3",1,0,0,"MOTHER","ENGLISH",NA,NA,1,NA,NA,4,NA,NA,"FATHER","ENGLISH",NA,NA,1,NA,NA,4,NA,NA,1,1,1,0,0,999,0,0,999,4,4,8,NA,NA,999,NA,NA,999
"5",7649,5,36,"ENGLISH","SPANISH","NO L3",0.895,0.105,0,"MOTHER","ENGLISH",NA,NA,1,NA,NA,4,NA,NA,"FATHER","ENGLISH",NA,NA,1,NA,NA,4,NA,NA,1,1,1,0,0,0,0,0,999,4,4,8,NA,NA,NA,NA,NA,999
"6",7672,4,36,"ENGLISH","SPANISH","NO L3",0.99,0.01,0,"MOTHER","ENGLISH","SPANISH",NA,1,0,NA,4,0,NA,"FATHER","ENGLISH",NA,NA,1,NA,NA,4,NA,NA,1,1,1,0,0,0,0,0,999,4,4,8,0,NA,0,NA,NA,999
"7",7690,0,36,"ENGLISH","NO L2","NO L3",1,0,0,"MOTHER","ENGLISH",NA,NA,1,NA,NA,4,NA,NA,"FATHER","ENGLISH",NA,NA,1,NA,NA,4,NA,NA,1,1,1,0,0,999,0,0,999,4,4,8,NA,NA,999,NA,NA,999
"8",7728,2,36,"ENGLISH","ARABIC","NO L3",0.645,0.355,0,"MOTHER","ARABIC","ENGLISH","FRENCH",1,0,0,4,NA,0,"FATHER","ENGLISH","SPANISH",NA,1,0,NA,4,0,NA,0,1,1,1,0,1,0,0,999,NA,4,4,4,NA,4,NA,NA,999
"9",7737,0,36,"ENGLISH","NO L2","NO L3",1,0,0,"MOTHER","ENGLISH",NA,NA,1,NA,NA,4,NA,NA,"FATHER","ENGLISH",NA,NA,1,NA,NA,4,NA,NA,1,1,1,0,0,999,0,0,999,4,4,8,NA,NA,999,NA,NA,999
"10",7740,0,36,"ENGLISH","NO L2","NO L3",1,0,0,"MOTHER","ENGLISH",NA,NA,1,NA,NA,4,NA,NA,"FATHER","ENGLISH",NA,NA,1,NA,NA,4,NA,NA,1,1,1,0,0,999,0,0,999,4,4,8,NA,NA,999,NA,NA,999
"11",7760,0,36,"ENGLISH","SPANISH","NO L3",0.665,0.335,0,"MOTHER","ENGLISH",NA,NA,1,NA,NA,4,NA,NA,"FATHER","ENGLISH",NA,NA,1,NA,NA,4,NA,NA,1,1,1,0,0,0,0,0,999,4,4,8,NA,NA,NA,NA,NA,999
"12",7768,27,36,"SPANISH","ENGLISH","NO L3",0.545,0.455,0,"MOTHER","SPANISH","ENGLISH","ITALIAN",1,0,0,4,NA,NA,"FATHER","SPANISH","ENGLISH","ITALIAN",1,0,0,4,NA,NA,1,1,1,0,0,0,0,0,999,4,4,8,NA,NA,NA,NA,NA,999
"13",7797,0,36,"ENGLISH","GERMAN","NO L3",0.81,0.19,0,"MOTHER","ENGLISH","SPANISH",NA,1,0,NA,4,NA,NA,"FATHER","ENGLISH",NA,NA,1,NA,NA,4,NA,NA,1,1,1,0,0,0,0,0,999,4,4,8,NA,NA,NA,NA,NA,999
"14",7818,2,36,"ENGLISH","SPANISH","HEBREW",0.842,0.157,0.002,"MOTHER","ENGLISH","SPANISH",NA,1,0,NA,4,NA,NA,"",NA,NA,NA,NA,NA,NA,NA,NA,NA,1,999,1,0,999,0,0,999,0,4,NA,4,NA,NA,NA,NA,NA,NA
"15",7980,NA,36,"ENGLISH","PORTUGUESE","NO L3",0.665,0.335,0,"MOTHER","PORTUGUESE","ENGLISH","SPANISH",1,0,0,4,NA,NA,"FATHER","ENGLISH","PORTUGUESE",NA,1,0,NA,4,NA,NA,0,1,1,1,0,1,0,0,999,NA,4,4,4,NA,4,NA,NA,999
"16",8000,9,36,"ENGLISH","SPANISH","NO L3",0.63,0.37,0,"MOTHER","ENGLISH","SPANISH","ITALIAN",1,0,0,4,NA,NA,"FATHER","SPANISH","ENGLISH","ARABIC",1,0,0,4,NA,NA,1,0,1,0,1,1,0,0,999,4,NA,4,NA,4,4,NA,NA,999
"17",8009,NA,36,"ENGLISH","SPANISH","ITALIAN",0.75,0.145,0.105,"MOTHER","ENGLISH",NA,NA,1,NA,NA,4,NA,NA,"FATHER","ENGLISH","ITALIAN",NA,0,1,NA,NA,4,NA,1,0,1,0,0,0,0,1,1,4,NA,4,NA,NA,NA,NA,4,4
"18",8036,0,36,"ENGLISH","NO L2","NO L3",1,0,0,"MOTHER","ENGLISH","FRENCH","GREEK",1,0,0,4,NA,NA,"FATHER","ENGLISH","FRENCH","GREEK",1,0,0,4,NA,NA,1,1,1,0,0,999,0,0,999,4,4,8,NA,NA,999,NA,NA,999
"19",8050,15,36,"SPANISH","FRENCH","ENGLISH",0.627,0.239,0.134,"MOTHER","SPANISH","ENGLISH","FRENCH",1,1,0,4,4,NA,"FATHER","FRENCH","SPANISH","ENGLISH",1,0,1,4,NA,4,1,0,1,0,1,1,1,1,1,4,NA,4,NA,4,4,4,4,8
"20",8092,11,36,"ENGLISH","SPANISH","NO L3",0.76,0.25,0,"MOTHER","ENGLISH","SPANISH",NA,1,0,NA,4,NA,NA,"FATHER","ENGLISH",NA,NA,1,NA,NA,4,NA,NA,1,1,1,0,0,0,0,0,999,4,4,8,NA,NA,NA,NA,NA,999
"21",8093,0,36,"ENGLISH","NO L2","NO L3",1,0,0,"MOTHER","ENGLISH",NA,NA,1,NA,NA,4,NA,NA,"FATHER","ENGLISH","SPANISH",NA,1,0,NA,4,NA,NA,1,1,1,0,0,999,0,0,999,4,4,8,NA,NA,999,NA,NA,999
"22",8097,18,36,"MANDARIN","ENGLISH","NO L3",0.602,0.398,0,"MOTHER","MANDARIN","ENGLISH","TAIWANESE",1,0,1,4,4,NA,"FATHER","MANDARIN","ENGLISH","TAIWANESE",1,0,1,4,NA,4,1,1,1,0,0,0,0,0,999,4,4,8,4,NA,4,NA,NA,999
"23",8099,0,36,"ENGLISH","NO L2","NO L3",1,0,0,"MOTHER","ENGLISH",NA,NA,1,NA,NA,4,NA,NA,"FATHER","ENGLISH",NA,NA,1,NA,NA,4,NA,NA,1,1,1,0,0,999,0,0,999,4,4,8,NA,NA,999,NA,NA,999
"24",8107,NA,36,"FRENCH","ENGLISH","SPANISH",0.663,0.332,0.005,"MOTHER","FRENCH","ENGLISH",NA,1,0,NA,NA,4,NA,"FATHER","ENGLISH",NA,NA,1,NA,NA,4,NA,NA,1,0,1,0,1,1,0,0,0,NA,NA,NA,4,4,8,NA,NA,NA
"25",8152,0,36,"ENGLISH","NO L2","NO L3",1,0,0,"MOTHER","ENGLISH","SPANISH",NA,1,0,NA,4,1,NA,"FATHER","ENGLISH","SPANISH",NA,1,0,NA,4,2,NA,1,1,1,0,0,999,0,0,999,4,4,8,NA,NA,999,NA,NA,999
"26",8155,18,36,"ENGLISH","SPANISH","NO L3",0.732,0.268,0,"MOTHER","ENGLISH","SPANISH",NA,1,1,NA,4,4,NA,"FATHER","ENGLISH","SPANISH",NA,1,0,NA,4,NA,NA,1,1,1,1,0,1,0,0,999,4,4,8,4,NA,4,NA,NA,999
"27",8199,1,36,"ENGLISH","FRENCH","NO L3",0.9,0.1,0,"MOTHER","ENGLISH","FRENCH","GERMAN",1,0,0,4,1,1,"FATHER","ENGLISH","FRENCH","GERMAN",1,0,0,4,2,1,1,1,1,0,0,0,0,0,999,4,4,8,1,2,3,NA,NA,999
"28",8217,0,36,"ENGLISH","SPANISH","NO L3",0.98,0.03,0,"MOTHER","ENGLISH","SPANISH",NA,1,0,NA,4,2,NA,"FATHER","ENGLISH",NA,NA,1,NA,NA,4,NA,NA,1,1,1,0,0,0,0,0,999,4,4,8,2,NA,2,NA,NA,999
"29",8219,5,36,"GERMAN","ENGLISH","NO L3",0.775,0.225,0,"MOTHER","GERMAN","ENGLISH","SPANISH",1,1,0,4,4,NA,"FATHER","ENGLISH","GERMAN",NA,1,1,NA,4,4,NA,1,1,1,1,1,1,0,0,999,4,4,8,4,4,8,NA,NA,999
"30",8222,0,36,"ENGLISH","NO L2","NO L3",1,0,0,"FATHER","ENGLISH","SPANISH",NA,1,1,NA,4,4,NA,"MOTHER","ENGLISH",NA,NA,1,NA,NA,4,NA,NA,1,1,1,0,0,999,0,0,999,4,4,8,NA,NA,999,NA,NA,999
"31",8228,NA,36,"ENGLISH","SPANISH","NO L3",0.82,0.18,0,"MOTHER","ENGLISH","SPANISH","FRENCH",1,0,0,4,1,2,"FATHER","ENGLISH",NA,NA,1,NA,NA,4,NA,NA,1,1,1,0,0,0,0,0,999,4,4,8,1,NA,1,NA,NA,999
"32",8229,NA,36,"ENGLISH","SPANISH","NO L3",0.82,0.18,0,"MOTHER","ENGLISH","SPANISH","FRENCH",1,0,0,4,1,2,"FATHER","ENGLISH",NA,NA,1,NA,NA,4,NA,NA,1,1,1,0,0,0,0,0,999,4,4,8,1,NA,1,NA,NA,999
"33",8231,0,36,"ENGLISH","FARSI","HINDI",0.889,0.035,0.025,"MOTHER","ENGLISH",NA,NA,1,NA,NA,4,NA,NA,"FATHER","GUJRATHI","HINDI","ENGLISH",1,1,0,4,4,4,1,0,1,0,0,0,0,1,1,4,4,8,NA,NA,NA,NA,4,4
"34",8266,NA,36,"ENGLISH","GERMAN","SPANISH",0.89,0.1,0.01,"MOTHER","GERMAN","ENGLISH","FRENCH",1,1,0,3,4,1,"FATHER","ENGLISH","GERMAN","SPANISH",1,0,0,4,1,1,1,1,1,1,0,1,0,0,0,4,4,8,3,1,4,NA,1,1
"35",8277,1,36,"ENGLISH","SANSKRIT","NO L3",0.99,0.01,0,"MOTHER","ENGLISH","FRENCH","SANSKRIT",1,0,0,4,1,NA,"FATHER","ENGLISH","SPANISH",NA,1,0,NA,4,2,NA,1,1,1,0,0,0,0,0,999,4,4,8,NA,NA,NA,NA,NA,999
"36",8319,0,36,"ENGLISH","NO L2","NO L3",1,0,0,"MOTHER","ENGLISH","SPANISH",NA,1,0,NA,4,1,NA,"FATHER","ENGLISH","GREEK","GERMAN",1,0,0,4,3,4,1,1,1,0,0,999,0,0,999,4,4,8,NA,NA,999,NA,NA,999
"37",8334,NA,NA,NA,NA,NA,NA,NA,NA,NA,NA,NA,NA,NA,NA,NA,NA,NA,NA,NA,NA,NA,NA,NA,NA,NA,NA,NA,NA,NA,NA,NA,NA,NA,NA,NA,NA,NA,NA,NA,NA,NA,NA,NA,NA,NA,NA
"38",8349,1,36,"ENGLISH","SPANISH","NO L3",0.995,0.005,0,"MOTHER","ENGLISH",NA,NA,1,NA,NA,4,NA,NA,"FATHER","ENGLISH",NA,NA,1,NA,NA,4,NA,NA,1,1,1,0,0,0,0,0,999,4,4,8,NA,NA,NA,NA,NA,999
"39",8352,25,36,"ENGLISH","MANDARIN","SPANISH",0.733,0.241,0.013,"MOTHER","MANDARIN","ENGLISH","SPANISH",1,0,0,4,NA,NA,"FATHER","ENGLISH","CANTONESE",NA,1,0,NA,4,NA,NA,0,1,1,1,0,1,0,0,0,NA,4,4,4,NA,4,NA,NA,NA
"40",8356,0,36,"ENGLISH","NO L2","NO L3",1,0,0,"MOTHER","ENGLISH",NA,NA,1,NA,NA,4,NA,NA,"FATHER","ENGLISH",NA,NA,1,NA,NA,4,NA,NA,1,1,1,0,0,999,0,0,999,4,4,8,NA,NA,999,NA,NA,999
"41",8360,1,36,"SPANISH","FRENCH","ENGLISH",0.751,0.199,0.035,"MOTHER","SPANISH","ENGLISH","PORTUGUESE",1,1,0,4,4,2,"FATHER","SPANISH","ENGLISH",NA,1,1,NA,4,4,NA,1,1,1,0,0,0,1,1,1,4,4,8,NA,NA,NA,4,4,8
"42",8368,6,36,"ENGLISH","SPANISH","NO L3",0.94,0.06,0,"MOTHER","ENGLISH","FRENCH",NA,1,0,NA,4,4,NA,"FATHER","ENGLISH","FRENCH",NA,1,0,NA,4,NA,NA,1,1,1,0,0,0,0,0,999,4,4,8,NA,NA,NA,NA,NA,999
"43",8374,0,36,"ENGLISH","NO L2","NO L3",1,0,0,"MOTHER","ENGLISH","FRENCH",NA,1,1,NA,4,3,NA,"FATHER","TAGALOG","ENGLISH",NA,1,1,NA,3,4,NA,1,1,1,0,0,999,0,0,999,4,4,8,NA,NA,999,NA,NA,999
"44",8376,10,36,"ENGLISH","GERMAN","NO L3",0.67,0.33,0,"MOTHER","ENGLISH","SPANISH",NA,1,0,NA,4,3,NA,"FATHER","ENGLISH","GERMAN","SPANISH",1,1,0,4,4,2,1,1,1,0,1,1,0,0,999,4,4,8,NA,4,4,NA,NA,999
"45",8378,1,36,"SPANISH","FRENCH","ENGLISH",0.648,0.257,0.095,"MOTHER","SPANISH","ENGLISH",NA,1,1,NA,4,4,NA,"FATHER","SPANISH","ENGLISH",NA,1,1,NA,4,4,NA,1,1,1,0,0,0,1,1,1,4,4,8,NA,NA,NA,4,4,8
"46",8389,NA,36,"SPANISH","ENGLISH","FRENCH",0.821,0.178,0.002,"MOTHER","ENGLISH","SPANISH","FRENCH",1,1,0,4,4,NA,"FATHER","SPANISH","ENGLISH",NA,1,0,NA,4,NA,NA,1,1,1,1,0,1,0,0,0,4,4,8,4,NA,4,NA,NA,NA
"47",8390,NA,36,"ENGLISH","SPANISH","NO L3",0.99,0.01,0,"MOTHER","ENGLISH","SPANISH",NA,1,0,NA,4,3,NA,"FATHER","ENGLISH","MANDARIN",NA,1,0,NA,4,2,NA,1,1,1,0,0,0,0,0,999,4,4,8,3,NA,3,NA,NA,999
"48",8391,15,36,"SPANISH","ENGLISH","NO L3",0.557,0.443,0,"MOTHER","ENGLISH","SPANISH",NA,1,0,NA,4,4,NA,"FATHER","ENGLISH","SPANISH",NA,1,0,NA,4,3,NA,0,0,0,1,1,1,0,0,999,4,3,7,4,4,8,NA,NA,999
"49",8402,0,36,"ENGLISH","NO L2","NO L3",1,0,0,"MOTHER","ENGLISH","SPANISH","FRENCH",1,0,0,4,NA,NA,"FATHER","ENGLISH","GERMAN",NA,1,1,NA,4,3,NA,1,1,1,0,0,999,0,0,999,4,4,8,NA,NA,999,NA,NA,999
"50",8409,0,36,"ENGLISH","NO L2","NO L3",1,0,0,"MOTHER","ENGLISH",NA,NA,1,NA,NA,4,NA,NA,"FATHER","ENGLISH",NA,NA,1,NA,NA,4,NA,NA,1,1,1,0,0,999,0,0,999,4,4,8,NA,NA,999,NA,NA,999
"51",8419,NA,36,"ENGLISH","SPANISH","NO L3",0.98,0.02,0,"MOTHER","ENGLISH","SPANISH","FRENCH",1,0,0,4,1,1,"FATHER","ENGLISH","SPANISH",NA,1,0,4,2,NA,NA,1,1,1,0,0,0,0,0,999,4,2,6,1,NA,1,NA,NA,999
"52",8421,0,36,"ENGLISH","NO L2","NO L3",1,0,0,"MOTHER","ENGLISH",NA,NA,1,NA,NA,4,NA,NA,"FATHER","ENGLISH",NA,NA,1,NA,NA,4,NA,NA,1,1,1,0,0,999,0,0,999,4,4,8,NA,NA,999,NA,NA,999
"53",8422,0,36,"ENGLISH","NO L2","NO L3",1,0,0,"MOTHER","ENGLISH","FRENCH",NA,1,0,NA,4,NA,NA,"FATHER","ENGLISH","SPANISH","FRENCH",1,0,0,4,NA,NA,1,1,1,0,0,999,0,0,999,4,4,8,NA,NA,999,NA,NA,999
"54",8423,0,36,"ENGLISH","SPANISH","NO L3",0.985,0.015,0,"MOTHER","ENGLISH","SPANISH",NA,1,0,NA,4,1,NA,"FATHER","ENGLISH","FRENCH","LATIN",1,0,0,4,1,1,1,1,1,0,0,0,0,0,999,4,4,8,1,NA,1,NA,NA,999
"55",8428,NA,36,"ENGLISH","SPANISH","NO L3",0.914,0.086,0,"MOTHER","ENGLISH","SPANISH",NA,1,0,NA,4,2,NA,"FATHER","SPANISH","ENGLISH",NA,1,0,NA,4,4,NA,1,0,1,0,1,1,0,0,999,4,4,8,2,4,6,NA,NA,999
"56",8429,30,36,"ENGLISH","HINDI","SPANISH",0.607,0.37,0.023,"MOTHER","ENGLISH","HINDI","ITALIAN",1,1,0,4,4,3,"FATHER","ENGLISH","SPANISH",NA,1,0,NA,4,2,NA,1,1,1,1,0,1,0,0,0,4,4,8,4,NA,4,NA,2,2
"57",8431,0,36,"ENGLISH","SPANISH","NO L3",0.69,0.31,0,"MOTHER","ENGLISH",NA,NA,1,NA,NA,4,NA,NA,"FATHER","ENGLISH","SPANISH",NA,1,0,NA,4,4,NA,1,1,1,0,0,0,0,0,999,4,4,8,NA,4,4,NA,NA,999
"58",8433,0,36,"ENGLISH","SPANISH","NO L3",0.96,0.05,0,"MOTHER","ENGLISH","SPANISH",NA,1,0,NA,4,NA,NA,"FATHER","ENGLISH","SPANISH",NA,1,0,NA,4,NA,NA,1,1,1,0,0,0,0,0,999,4,4,8,NA,NA,NA,NA,NA,999
"59",8435,11,36,"ENGLISH","SPANISH","NO L3",0.79,0.21,0,"MOTHER","ENGLISH","SPANISH",NA,1,0,NA,4,2,NA,"FATHER","ENGLISH","SPANISH",NA,1,0,NA,4,2,NA,1,1,1,0,0,0,0,0,999,4,4,8,2,2,4,NA,NA,999
"60",8436,NA,36,"ENGLISH","SINHALA","NO L3",0.968,0.032,0,"MOTHER","ENGLISH","GERMAN",NA,1,0,NA,4,1,NA,"FATHER","ENGLISH","SPANISH",NA,1,0,NA,4,1,NA,1,1,1,0,0,0,0,0,999,4,4,8,NA,NA,NA,NA,NA,999
"61",8437,1,36,"ENGLISH","SPANISH","NO L3",0.803,0.197,0,"MOTHER","ENGLISH","FRENCH",NA,1,0,NA,4,NA,NA,"FATHER","ENGLISH","SPANISH",NA,1,0,NA,4,NA,NA,1,1,1,0,0,0,0,0,999,4,4,8,NA,NA,NA,NA,NA,999
"62",8460,16,36,"ENGLISH","SPANISH","NO L3",0.901,0.099,0,"MOTHER","ENGLISH","SPANISH",NA,1,0,NA,4,2,NA,"FATHER","ENGLISH","SPANISH",NA,1,0,NA,4,3,NA,1,1,1,0,0,0,0,0,999,4,4,8,2,3,5,NA,NA,999
"63",8466,17,36,"ENGLISH","MANDARIN","SPANISH",0.525,0.44,0.035,"MOTHER","MANDARIN","ENGLISH","SPANISH",1,1,0,4,4,NA,"FATHER","MANDARIN","ENGLISH",NA,1,0,NA,4,NA,NA,1,0,1,1,1,1,0,0,0,4,NA,4,4,4,8,NA,NA,NA
"64",8481,0,36,"ENGLISH","NO L2","NO L3",1,0,0,"MOTHER","ENGLISH",NA,NA,1,NA,NA,4,NA,NA,"FATHER","ENGLISH",NA,NA,1,NA,NA,4,NA,NA,1,1,1,0,0,999,0,0,999,4,4,8,NA,NA,999,NA,NA,999
"65",8488,NA,36,"ENGLISH","SPANISH","NO L3",1,0.01,0,"MOTHER","ENGLISH","FRENCH",NA,1,0,NA,4,1,NA,"FATHER","ENGLISH","GREEK",NA,1,0,NA,4,1,NA,1,1,1,0,0,0,0,0,999,4,4,8,NA,NA,NA,NA,NA,999
"66",8489,NA,36,"ENGLISH","PORTUGUESE","NO L3",1,0.01,0,"MOTHER","ENGLISH","PORTUGUESE",NA,1,0,NA,4,NA,NA,"FATHER","ENGLISH","PORTUGUESE",NA,1,0,NA,4,NA,NA,1,1,1,0,0,0,0,0,999,4,4,8,NA,NA,NA,NA,NA,999
"67",8498,9,36,"ENGLISH","ITALIAN","NO L3",0.995,0.005,0,"MOTHER","SPANISH","ENGLISH","ITALIAN",1,1,0,4,4,NA,"FATHER","ENGLISH","SPANISH",NA,1,0,NA,4,2,NA,1,1,1,0,0,0,0,0,999,4,4,8,NA,NA,NA,NA,NA,999
"68",8506,NA,36,"ENGLISH","SPANISH","NO L3",0.965,0.035,0,"MOTHER","ENGLISH","SPANISH",NA,1,0,NA,4,1,NA,"FATHER","ENGLISH","FRENCH",NA,1,0,NA,4,1,NA,1,1,1,0,0,0,0,0,999,4,4,8,1,NA,1,NA,NA,999
"69",8525,NA,36,"ENGLISH","SPANISH","MANDARIN",0.562,0.433,0.005,"MOTHER","SPANISH","ENGLISH","PASHTO",1,1,0,4,4,1,"FATHER","ENGLISH","PASHTO",NA,1,0,NA,4,4,NA,1,1,1,1,0,1,0,0,0,4,4,8,4,NA,4,NA,NA,NA
"70",8541,0,36,"ENGLISH","NO L2","NO L3",1,0,0,"MOTHER","ENGLISH","FRENCH","JAPANESE",1,0,0,4,2,1,"FATHER","ENGLISH","FRENCH","SPANISH",1,0,0,4,3,1,1,1,1,0,0,999,0,0,999,4,4,8,NA,NA,999,NA,NA,999
"71",8543,NA,36,"ENGLISH","SPANISH","NO L3",0.8,0.2,0,"MOTHER","ENGLISH",NA,NA,1,NA,NA,4,NA,NA,"FATHER","ENGLISH",NA,NA,1,NA,NA,4,NA,NA,1,1,1,0,0,0,0,0,999,4,4,8,NA,NA,NA,NA,NA,999
"72",8544,0,36,"ENGLISH","NO L2","NO L3",1,0,0,"MOTHER","ENGLISH","GERMAN",NA,1,0,NA,4,0,NA,"FATHER","ENGLISH",NA,NA,1,NA,NA,4,NA,NA,1,1,1,0,0,999,0,0,999,4,4,8,NA,NA,999,NA,NA,999
"73",8551,11,36,"ENGLISH","SPANISH","NO L3",0.682,0.227,0.023,"MOTHER","ENGLISH","SPANISH",NA,1,0,NA,4,2,NA,"FATHER","ENGLISH","SPANISH",NA,1,1,NA,4,4,NA,1,1,1,0,1,1,0,0,999,4,4,8,2,4,6,NA,NA,999
"74",8556,0,36,"ENGLISH","NO L2","NO L3",1,0,0,"MOTHER","ENGLISH","HINDI","TELEGU",1,0,0,4,2,1,"FATHER","ENGLISH","SPANISH","HINDI",1,1,0,4,2,0,1,1,1,0,0,999,0,0,999,4,4,8,NA,NA,999,NA,NA,999
"75",8566,1,36,"ENGLISH","URDU","NO L3",0.965,0.035,0,"MOTHER","ENGLISH","PORTUGUESE","SPANISH",1,0,0,4,1,1,"FATHER","ENGLISH","GERMAN","MANDARIN",1,0,0,4,2,2,1,1,1,0,0,0,0,0,999,4,4,8,NA,NA,NA,NA,NA,999
"76",8571,7,36,"ENGLISH","RUSSIAN","RUSSIAN",0.99,0.005,0.005,"MOTHER","ENGLISH","RUSSIAN",NA,1,1,NA,4,4,NA,"FATHER","ENGLISH","HUNGARIAN",NA,1,0,NA,4,2,NA,1,1,1,1,0,1,1,0,1,4,4,8,4,NA,4,4,NA,4
"77",8572,9,36,"MANDARIN","ENGLISH","SHANGHAINESE",0.785,0.145,0.07,"MOTHER","MANDARIN","SHANGHAINESE","ENGLISH",1,1,0,4,4,4,"FATHER","MANDARIN","ENGLISH",NA,1,1,NA,4,4,NA,1,1,1,0,1,1,1,0,1,4,4,8,4,4,8,4,NA,4
"78",8580,0,36,"SPANISH","MANDARIN","TURKISH",0.386,0.277,0.188,"MOTHER","TURKISH","ENGLISH","ITALIAN",1,0,0,4,4,3,"FATHER","TURKISH","ENGLISH",NA,1,0,NA,4,4,NA,0,0,0,0,0,0,1,1,1,NA,NA,NA,NA,NA,NA,4,4,8
"79",8581,0,36,"SPANISH","MANDARIN","TURKISH",0.386,0.277,0.188,"MOTHER","ENGLISH","ENGLISH","ITALIAN",1,0,0,4,4,3,"FATHER","TURKISH","ENGLISH",NA,1,0,NA,4,4,NA,0,0,0,0,0,0,0,1,1,NA,NA,NA,NA,NA,NA,NA,4,4
"80",8590,0,36,"ENGLISH","HEBREW","NO L3",0.99,0.01,0,"MOTHER","ENGLISH","SPANISH",NA,1,0,NA,4,2,NA,"FATHER","ENGLISH","FRENCH",NA,1,1,NA,4,2,NA,1,1,1,0,0,0,0,0,999,4,4,8,NA,NA,NA,NA,NA,999
"81",8594,4,36,"ENGLISH","SPANISH","NO L3",0.69,0.31,0,"MOTHER","ENGLISH","SPANISH","FRENCH",1,0,0,4,NA,4,"FATHER","SPANISH","ENGLISH","ITALIAN",1,0,0,4,4,4,1,0,1,0,1,1,0,0,999,4,4,8,NA,4,4,NA,NA,999
"82",8605,0,36,"ENGLISH","NO L2","NO L3",1,0,0,"MOTHER","ENGLISH",NA,NA,1,NA,NA,4,NA,NA,"FATHER","ENGLISH","FRENCH",NA,1,0,NA,4,2,NA,1,1,1,0,0,999,0,0,999,4,4,8,NA,NA,999,NA,NA,999
"83",8619,15,36,"ENGLISH","FARSI","NO L3",0.545,0.455,0,"MOTHER","FARSI","ENGLISH","SPANISH",1,1,0,4,4,1,"FATHER","FARSI","ENGLISH","PASHTO",1,1,0,4,4,1,1,1,1,1,1,1,0,0,999,4,4,8,4,4,8,NA,NA,999
"84",8652,NA,36,"SPANISH","ENGLISH","NO L3",0.596,0.404,0,"MOTHER","ENGLISH","SPANISH",NA,1,0,NA,4,4,NA,"FATHER","SPANISH","ENGLISH",NA,1,1,NA,4,4,NA,0,1,1,1,1,1,0,0,999,4,4,8,4,4,8,NA,NA,999
"85",8670,0,36,"ENGLISH","NO L2","NO L3",1,0,0,"MOTHER","ENGLISH",NA,NA,1,NA,NA,4,NA,NA,"FATHER","ENGLISH",NA,NA,1,NA,NA,4,NA,NA,1,1,1,0,0,999,0,0,999,4,4,8,NA,NA,999,NA,NA,999
"86",8672,0,36,"ENGLISH","NO L2","NO L3",1,0,0,"MOTHER","ENGLISH",NA,NA,1,NA,NA,4,NA,NA,"FATHER","ENGLISH",NA,NA,1,NA,NA,4,NA,NA,1,1,1,0,0,999,0,0,999,4,4,8,NA,NA,999,NA,NA,999
"87",8678,1,36,"ENGLISH","GA","SPANISH",0.895,0.04,0.025,"MOTHER","ENGLISH","FRENCH",NA,1,0,NA,4,1,NA,"FATHER","ENGLISH","RUSSIAN","FRENCH",1,0,0,4,4,2,1,1,1,0,0,0,0,0,0,4,4,8,NA,NA,NA,NA,NA,NA
"88",8685,16,36,"ENGLISH","SPANISH","FRENCH",0.942,0.029,0.019,"MOTHER","ENGLISH","SPANISH",NA,1,0,NA,4,2,NA,"MOTHER","ENGLISH","SPANISH",NA,1,0,NA,4,1,NA,1,1,1,0,0,0,0,0,0,4,4,8,2,1,3,NA,NA,NA
"89",8696,0,36,"ENGLISH","NO L2","NO L3",1,0,0,"MOTHER","ENGLISH","SPANISH",NA,1,0,NA,4,1,NA,"FATHER","ENGLISH","GERMAN",NA,1,0,NA,4,1,NA,1,1,1,0,0,999,0,0,999,4,4,8,NA,NA,999,NA,NA,999
"90",8699,14,36,"SPANISH","FRENCH","ENGLISH",0.51,0.436,0.054,"MOTHER","FRENCH","SPANISH","ENGLISH",1,0,0,4,4,4,"FATHER","SPANISH","ENGLISH",NA,1,0,NA,4,4,NA,0,1,1,1,0,1,0,0,0,4,4,8,4,NA,4,4,4,8
"91",8702,NA,NA,NA,NA,NA,NA,NA,NA,NA,NA,NA,NA,NA,NA,NA,NA,NA,NA,NA,NA,NA,NA,NA,NA,NA,NA,NA,NA,NA,NA,NA,NA,NA,NA,NA,NA,NA,NA,NA,NA,NA,NA,NA,NA,NA,NA
"92",8709,0,36,"ENGLISH","NO L2","NO L3",1,0,0,"MOTHER","ENGLISH","FRENCH",NA,1,0,NA,4,1,NA,"FATHER","ENGLISH","GERMAN",NA,1,0,NA,4,3,NA,1,1,1,0,0,999,0,0,999,4,4,8,NA,NA,999,NA,NA,999
"93",8712,6,36,"SPANISH","ENGLISH","NO L3",0.615,0.385,0,"MOTHER","ENGLISH","SPANISH","FRENCH",1,0,0,4,NA,NA,"FATHER","SPANISH","ENGLISH","GERMAN",1,0,0,4,NA,NA,0,1,1,1,0,1,0,0,999,NA,4,4,4,NA,4,NA,NA,999
"94",8713,0,36,"ENGLISH","NO L2","NO L3",0.645,0.149,0.149,"MOTHER","ENGLISH",NA,NA,1,NA,NA,4,NA,NA,"FATHER","GERMAN","ENGLISH",NA,1,1,NA,4,4,NA,1,1,1,0,0,999,0,0,999,4,4,8,NA,NA,999,NA,NA,999
"95",8718,3,36,"RUSSIAN","SPANISH","ENGLISH",0.647,0.279,0.075,"MOTHER","RUSSIAN","ENGLISH","GERMAN",1,1,0,4,4,3,"FATHER","ENGLISH","RUSSIAN","GERMAN",1,0,0,4,4,4,1,0,1,0,0,0,1,1,1,4,4,8,NA,NA,NA,4,4,8
"96",8720,0,36,"ENGLISH","NO L2","NO L3",1,0,0,"MOTHER","ENGLISH","SPANISH","FRENCH",1,0,0,4,NA,NA,"",NA,NA,NA,NA,NA,NA,NA,NA,NA,1,999,1,0,999,999,0,999,999,4,NA,4,NA,NA,999,NA,NA,999
"97",8722,0,36,"ENGLISH","NO L2","NO L3",1,0,0,"MOTHER","ENGLISH","SPANISH","HEBREW",1,0,0,4,2,3,"FATHER","ENGLISH","SPANISH","HEBREW",1,0,0,4,1,2,1,1,1,0,0,999,0,0,999,4,4,8,NA,NA,999,NA,NA,999
"98",8732,0,36,"ENGLISH","SPANISH","NO L3",0.99,0.01,0,"MOTHER","ENGLISH","LATIN",NA,1,0,NA,4,0,NA,"FATHER","ENGLISH","FRENCH",NA,1,0,NA,4,1,NA,1,1,1,0,0,0,0,0,999,4,4,8,NA,NA,NA,NA,NA,999
"99",8733,15,36,"ENGLISH","SPANISH","NO L3",0.589,0.411,0,"MOTHER","ENGLISH","SPANISH",NA,1,0,NA,4,3,NA,"FATHER","SPANISH","ENGLISH",NA,1,0,NA,4,4,NA,1,0,1,0,1,1,0,0,999,4,4,8,3,4,7,NA,NA,999
"100",8742,0,36,"ENGLISH","NO L2","NO L3",1,0,0,"MOTHER","ENGLISH","SPANISH",NA,1,0,NA,4,1,NA,"FATHER","ENGLISH","SPANISH",NA,1,0,NA,3,1,NA,1,1,1,0,0,999,0,0,999,4,3,7,NA,NA,999,NA,NA,999
"101",8754,0,36,"ENGLISH","SPANISH","NO L3",0.98,0.02,0,"MOTHER","ENGLISH","FRENCH",NA,1,0,NA,4,NA,NA,"FATHER","ENGLISH","SPANISH",NA,1,0,NA,4,NA,NA,1,1,1,0,0,0,0,0,999,4,4,8,NA,NA,NA,NA,NA,999
"102",8757,0,36,"ENGLISH","NO L2","NO L3",1,0,0,"MOTHER","ENGLISH","SPANISH","GERMAN",1,0,0,4,2,1,"FATHER","ENGLISH",NA,NA,1,NA,NA,4,NA,NA,1,1,1,0,0,999,0,0,999,4,4,8,NA,NA,999,NA,NA,999
"103",8759,0,36,"ENGLISH","SPANISH","NO L3",0.975,0.025,0,"MOTHER","ENGLISH","SPANISH",NA,1,0,NA,4,1,NA,"FATHER","ENGLISH","SPANISH",NA,1,0,NA,4,1,NA,1,1,1,0,0,0,0,0,999,4,4,8,1,1,2,NA,NA,999
"104",8760,0,36,"ENGLISH","MANDARIN","NO L3",0.987,0.013,0,"MOTHER","ENGLISH",NA,NA,1,NA,NA,4,NA,NA,"FATHER","MANDARIN","ENGLISH",NA,1,1,NA,4,4,NA,1,1,1,0,1,1,0,0,999,4,4,8,NA,4,4,NA,NA,999
"105",8763,5,36,"ENGLISH","SPANISH","NO L3",0.856,0.144,0,"MOTHER","SPANISH","ENGLISH",NA,1,1,NA,4,4,NA,"FATHER","SPANISH","ENGLISH",NA,1,1,NA,4,4,NA,1,1,1,1,1,1,0,0,999,4,4,8,4,4,8,NA,NA,999
"106",8764,NA,NA,NA,NA,NA,NA,NA,NA,NA,NA,NA,NA,NA,NA,NA,NA,NA,NA,NA,NA,NA,NA,NA,NA,NA,NA,NA,NA,NA,NA,NA,NA,NA,NA,NA,NA,NA,NA,NA,NA,NA,NA,NA,NA,NA,NA
"107",8765,8,36,"ENGLISH","POLISH","NO L3",0.845,0.155,0,"MOTHER","ENGLISH","POLISH",NA,1,0,NA,4,2,NA,"FATHER","POLISH","ENGLISH",NA,1,0,NA,4,4,NA,1,0,1,0,1,1,0,0,999,4,4,8,2,4,6,NA,NA,999
"108",8766,0,36,"ENGLISH","NO L2","NO L3",1,0,0,"MOTHER","ENGLISH","FRENCH",NA,1,0,NA,4,2,NA,"FATHER","ENGLISH","SPANISH",NA,1,0,NA,4,1,NA,1,1,1,0,0,999,0,0,999,4,4,8,NA,NA,999,NA,NA,999
"109",8814,0,36,"ENGLISH","SPANISH","NO L3",0.87,0.13,0,"MOTHER","ENGLISH","GERMAN",NA,1,0,NA,4,1,NA,"FATHER","ENGLISH","SPANISH","GERMAN",1,0,0,4,2,4,1,1,1,0,0,0,0,0,999,4,4,8,NA,2,2,NA,NA,999
"110",8819,0,36,"ENGLISH","NO L2","NO L3",1,0,0,"MOTHER","ENGLISH","GERMAN",NA,1,0,NA,4,1,NA,"FATHER","ENGLISH","ITALIAN",NA,1,0,NA,4,1,NA,1,1,1,0,0,999,0,0,999,4,4,8,NA,NA,999,NA,NA,999
"111",8834,NA,NA,NA,NA,NA,NA,NA,NA,NA,NA,NA,NA,NA,NA,NA,NA,NA,NA,NA,NA,NA,NA,NA,NA,NA,NA,NA,NA,NA,NA,NA,NA,NA,NA,NA,NA,NA,NA,NA,NA,NA,NA,NA,NA,NA,NA
"112",8969,NA,NA,NA,NA,NA,NA,NA,NA,NA,NA,NA,NA,NA,NA,NA,NA,NA,NA,NA,NA,NA,NA,NA,NA,NA,NA,NA,NA,NA,NA,NA,NA,NA,NA,NA,NA,NA,NA,NA,NA,NA,NA,NA,NA,NA,NA
"113",8973,NA,36,"ENGLISH","CANTONESE","NO L3",0.783,0.217,0,"MOTHER","CANTONESE","ENGLISH","SPANISH",1,1,0,4,4,NA,"",NA,NA,NA,NA,NA,NA,NA,NA,NA,1,999,1,1,999,1,0,999,999,4,NA,4,4,NA,4,NA,NA,999
"114",8981,16,36,"ENGLISH","KOREAN","TAGALOG",0.955,0.035,0.01,"MOTHER","KOREAN","ENGLISH","FRENCH",1,1,0,4,4,2,"FATHER","ENGLISH","SPANISH","KOREAN",1,0,0,4,2,0,1,1,1,1,0,1,0,0,0,4,4,8,4,0,4,NA,NA,NA
"115",9046,9,36,"SLOVAK","FRENCH","ENGLISH",0.435,0.377,0.188,"MOTHER","FRENCH","ENGLISH","ARABIC",1,1,0,4,4,1,"FATHER","SLOVAK","ENGLISH",NA,1,1,NA,4,4,NA,0,1,1,1,0,1,1,1,1,NA,4,4,4,NA,4,4,4,8
"116",9069,12,36,"ENGLISH","SPANISH","NO L3",0.84,0.16,0,"MOTHER","ENGLISH","SPANISH",NA,1,0,NA,4,2,NA,"FATHER","SPANISH","ENGLISH",NA,1,1,NA,4,4,NA,1,1,1,0,1,1,0,0,999,4,4,8,2,4,6,NA,NA,999
"117",9029,0,36,"ENGLISH","SPANISH","NO L3",0.901,0.079,0.01,"MOTHER","ENGLISH",NA,NA,1,NA,NA,4,NA,NA,"FATHER","ENGLISH",NA,NA,1,NA,NA,4,NA,NA,1,1,1,0,0,0,0,0,999,4,4,8,NA,NA,NA,NA,NA,999
"118",8517,0,36,"ENGLISH","NO L2","NO L3",1,0,0,"MOTHER","ENGLISH",NA,NA,1,NA,NA,4,NA,NA,"FATHER","ENGLISH","SPANISH",NA,1,0,NA,4,2,NA,1,1,1,0,0,999,0,0,999,4,4,8,NA,NA,999,NA,NA,999
"119",8998,4,NA,NA,NA,NA,NA,NA,NA,NA,NA,NA,NA,NA,NA,NA,NA,NA,NA,NA,NA,NA,NA,NA,NA,NA,NA,NA,NA,NA,NA,NA,NA,NA,NA,NA,NA,NA,NA,NA,NA,NA,NA,NA,NA,NA,NA
"120",8769,14,36,"ENGLISH","VIETNAMESE","NO L3",0.955,0.045,0,"MOTHER","ENGLISH","VIETNAMESE",NA,1,1,NA,4,4,NA,"FATHER","ENGLISH","VIETNAMESE",NA,1,0,NA,4,3,NA,1,1,1,1,0,1,0,0,999,4,4,8,4,3,7,NA,NA,999
"121",9169,NA,36,"ENGLISH","SPANISH","HEBREW",0.832,0.149,0.019,"MOTHER","ENGLISH","HEBREW",NA,1,1,NA,4,4,NA,"FATHER","ENGLISH","HEBREW",NA,1,1,NA,4,2,NA,1,1,1,0,0,0,1,1,1,4,4,8,NA,NA,NA,4,2,6
"122",9163,0,36,"ENGLISH","SPANISH","NO L3",0.785,0.215,0,"MOTHER","ENGLISH",NA,NA,1,NA,NA,4,NA,NA,"FATHER","ENGLISH",NA,NA,1,NA,NA,4,NA,NA,1,1,1,0,0,0,0,0,999,4,4,8,NA,NA,NA,NA,NA,999
"123",9095,14,36,"KOREAN","ENGLISH","NO L3",0.755,0.245,0,"MOTHER","ENGLISH","KOREAN","MANDARIN",1,1,0,4,4,1,"FATHER","KOREAN","ENGLISH","MANDARIN",1,0,0,4,4,1,1,1,1,1,0,1,0,0,999,4,4,8,4,4,8,NA,NA,999
"124",8725,0,36,"ENGLISH","NO L2","NO L3",1,0,0,"MOTHER","ENGLISH","FRENCH",NA,1,0,NA,4,3,NA,"FATHER","ENGLISH","FRENCH",NA,1,0,NA,4,2,NA,1,1,1,0,0,999,0,0,999,4,4,8,NA,NA,999,NA,NA,999
"125",9116,3,36,"ENGLISH","SPANISH","NO L3",0.975,0.01,0.005,"MOTHER","ENGLISH","SPANISH",NA,1,0,NA,4,3,NA,"FATHER","ENGLISH",NA,NA,1,NA,NA,4,NA,NA,1,1,1,0,0,0,0,0,999,4,4,8,3,NA,3,NA,NA,999
"126",8767,11,36,"ENGLISH","SPANISH","NO L3",0.695,0.305,0,"MOTHER","ENGLISH",NA,NA,1,NA,NA,4,NA,NA,"FATHER","ENGLISH","SPANISH",NA,1,0,NA,4,NA,NA,1,1,1,0,0,0,0,0,999,4,4,8,NA,NA,NA,NA,NA,999
"127",8866,0,36,"ENGLISH","SPANISH","NO L3",0.885,0.115,0,"MOTHER","ENGLISH","SPANISH",NA,1,0,NA,4,1,NA,"FATHER","ENGLISH","SPANISH",NA,1,0,NA,4,3,NA,1,1,1,0,0,0,0,0,999,4,4,8,1,3,4,NA,NA,999
"128",8890,0,36,"ENGLISH","SPANISH","NO L3",0.82,0.18,0,"MOTHER","ENGLISH",NA,NA,1,NA,NA,4,NA,NA,"FATHER","ENGLISH",NA,NA,1,NA,NA,4,NA,NA,1,1,1,0,0,0,0,0,999,4,4,8,NA,NA,NA,NA,NA,999
"129",8552,4,36,"ENGLISH","SPANISH","NO L3",0.965,0.035,0,"MOTHER","ENGLISH","FRENCH",NA,1,0,NA,4,3,NA,"FATHER","ENGLISH",NA,NA,1,NA,NA,4,NA,NA,1,1,1,0,0,0,0,0,999,4,4,8,NA,NA,NA,NA,NA,999
"130",9080,3,36,"ENGLISH","SPANISH","NO L3",0.976,0.024,0,"MOTHER","ENGLISH",NA,NA,1,NA,NA,4,NA,NA,"FATHER","ENGLISH","SPANISH","GERMAN",1,0,0,4,2,4,1,1,1,0,0,0,0,0,999,4,4,8,NA,2,2,NA,NA,999
"131",9162,0,36,"ENGLISH","SPANISH","NO L3",0.957,0.043,0,"MOTHER","ENGLISH",NA,NA,1,NA,NA,4,NA,NA,"FATHER","ENGLISH",NA,NA,1,NA,NA,4,NA,NA,1,1,1,0,0,0,0,0,999,4,4,8,NA,NA,NA,NA,NA,999
"132",8744,NA,NA,NA,NA,NA,NA,NA,NA,NA,NA,NA,NA,NA,NA,NA,NA,NA,NA,NA,NA,NA,NA,NA,NA,NA,NA,NA,NA,NA,NA,NA,NA,NA,NA,NA,NA,NA,NA,NA,NA,NA,NA,NA,NA,NA,NA
"133",8987,0,36,"ENGLISH","JAPANESE","GERMAN",0.392,0.332,0.276,"FATHER","GERMAN","ENGLISH",NA,1,0,NA,4,4,NA,"MOTHER","JAPANESE","ENGLISH",NA,1,0,NA,4,4,NA,0,0,0,0,1,1,1,0,1,4,4,8,NA,4,4,4,NA,4
"134",8987,0,36,"ENGLISH","JAPANESE","GERMAN",0.37,0.365,0.265,"FATHER","GERMAN","ENGLISH",NA,1,0,NA,4,4,NA,"MOTHER","JAPANESE","ENGLISH",NA,1,0,NA,4,4,NA,0,0,0,0,1,1,1,0,1,4,4,8,NA,4,4,4,NA,4
"135",9128,23,36,"SPANISH","ENGLISH","NO L3",0.498,0.409,0.023,"MOTHER","ENGLISH","SPANISH",NA,1,0,NA,4,3,NA,"FATHER","SPANISH","ENGLISH",NA,1,0,NA,4,4,NA,0,1,1,1,0,1,0,0,999,3,4,7,4,4,8,NA,NA,999
"136",9056,NA,36,"ENGLISH","BULGARIAN","SPANISH",0.59,0.3,0.11,"MOTHER","BULGARIAN","ENGLISH",NA,1,0,NA,4,4,NA,"FATHER","ENGLISH","SPANISH",NA,1,1,NA,4,3,NA,0,1,1,1,0,1,0,1,1,4,4,8,4,NA,4,NA,3,3
"137",8736,17,NA,NA,NA,NA,NA,NA,NA,NA,NA,NA,NA,NA,NA,NA,NA,NA,NA,NA,NA,NA,NA,NA,NA,NA,NA,NA,NA,NA,NA,NA,NA,NA,NA,NA,NA,NA,NA,NA,NA,NA,NA,NA,NA,NA,NA
"138",8748,0,36,"ENGLISH","SPANISH","NO L3",0.904,0.096,0,"MOTHER","ENGLISH","GERMAN",NA,1,0,NA,4,1,NA,"FATHER","ENGLISH","GERMAN",NA,1,0,NA,4,1,NA,1,1,1,0,0,0,0,0,999,4,4,8,NA,NA,NA,NA,NA,999
"139",8751,0,36,"ENGLISH","NO L2","NO L3",1,0,0,"MOTHER","ENGLISH","FRENCH",NA,1,0,NA,4,1,NA,"FATHER","ENGLISH","SPANISH",NA,1,0,NA,4,2,NA,1,1,1,0,0,999,0,0,999,4,4,8,NA,NA,999,NA,NA,999
"140",8908,4,36,"ENGLISH","AFRIKAANS","NO L3",0.645,0.355,0,"MOTHER","ENGLISH","AFRIKAANS",NA,1,0,NA,4,2,NA,"FATHER","AFRIKAANS","ENGLISH","GERMAN",1,1,0,4,4,1,1,1,1,0,1,1,0,0,999,4,4,8,2,4,6,NA,NA,999
"141",8971,6,36,"ENGLISH","FRENCH","NO L3",0.985,0.015,0,"MOTHER","ENGLISH","FRENCH","SPANISH",1,0,0,4,3,1,"FATHER","ENGLISH","SPANISH",NA,1,0,NA,4,1,NA,1,1,1,0,0,0,0,0,999,4,4,8,3,NA,3,NA,NA,999
"142",9034,3,36,"FRENCH","ENGLISH","SPANISH",0.524,0.468,0.009,"MOTHER","ENGLISH","FRENCH",NA,1,0,NA,4,3,NA,"FATHER","FRENCH","ENGLISH","SPANISH",1,1,0,4,4,2,0,1,1,1,1,1,0,0,0,3,4,7,4,4,8,NA,2,2
"143",9045,10,36,"FRENCH","ENGLISH","NO L3",0.525,0.475,0,"MOTHER","FRENCH","ENGLISH",NA,1,0,NA,4,4,NA,"FATHER","ENGLISH","FRENCH",NA,1,0,NA,4,1,NA,1,0,1,0,1,1,0,0,999,4,1,5,4,4,8,NA,NA,999
"144",9045,12,36,"FRENCH","ENGLISH","NO L3",0.525,0.475,0,"MOTHER","FRENCH","ENGLISH",NA,1,0,NA,4,4,NA,"FATHER","ENGLISH","FRENCH",NA,1,0,NA,4,1,NA,1,0,1,0,1,1,0,0,999,4,1,5,4,4,8,NA,NA,999
"145",8735,7,36,"ENGLISH","SPANISH","NO L3",0.88,0.12,0,"MOTHER","ENGLISH","FRENCH","SPANISH",1,0,0,4,2,0,"FATHER","ENGLISH","SPANISH",NA,1,0,NA,4,1,NA,1,1,1,0,0,0,0,0,999,4,4,8,0,1,1,NA,NA,999
"146",8745,0,36,"ENGLISH","NO L2","NO L3",1,0,0,"MOTHER","ENGLISH","SPANISH",NA,1,0,NA,4,2,NA,"FATHER","ENGLISH",NA,NA,1,NA,NA,4,NA,NA,1,1,1,0,0,999,0,0,999,4,4,8,NA,NA,999,NA,NA,999
"147",8795,0,36,"ENGLISH","SPANISH","NO L3",0.98,0.02,0,"MOTHER","ENGLISH",NA,NA,1,NA,NA,4,NA,NA,"FATHER","ENGLISH",NA,NA,1,NA,NA,4,NA,NA,1,1,1,0,0,0,0,0,999,4,4,8,NA,NA,NA,NA,NA,999
"148",8805,0,36,"ENGLISH","NO L2","NO L3",1,0,0,"MOTHER","ENGLISH","SPANISH",NA,1,0,NA,4,2,NA,"FATHER","ENGLISH",NA,NA,1,NA,NA,4,NA,NA,1,1,1,0,0,999,0,0,999,4,4,8,NA,NA,999,NA,NA,999
"149",8921,13,36,"ENGLISH","SPANISH","INDONESIAN",0.881,0.07,0.05,"MOTHER","ENGLISH","INDONESIAN",NA,1,0,NA,4,3,NA,"FATHER","ENGLISH",NA,NA,1,NA,NA,4,NA,NA,1,1,1,0,0,0,0,0,0,4,4,8,NA,NA,NA,3,NA,3
"150",8985,13,36,"KOREAN","ENGLISH","NO L3",0.532,0.468,0,"MOTHER","KOREAN","ENGLISH",NA,1,0,NA,4,4,NA,"FATHER","ENGLISH","KOREAN",NA,1,0,NA,4,1,NA,1,0,1,0,1,1,0,0,999,4,1,5,4,4,8,NA,NA,999
"151",8989,7,36,"PORTUGUESE","ENGLISH","GERMAN",0.635,0.36,0.005,"MOTHER","PORTUGUESE","ENGLISH",NA,1,1,NA,4,4,NA,"FATHER","ENGLISH","GERMAN",NA,1,1,NA,4,3,NA,1,0,1,1,1,1,0,1,1,4,NA,4,4,4,8,NA,3,3
"152",9052,NA,NA,NA,NA,NA,NA,NA,NA,NA,NA,NA,NA,NA,NA,NA,NA,NA,NA,NA,NA,NA,NA,NA,NA,NA,NA,NA,NA,NA,NA,NA,NA,NA,NA,NA,NA,NA,NA,NA,NA,NA,NA,NA,NA,NA,NA
